Name,Type of Content
How can I [do something unique in your business]?,Educational
I lost [something valuable].,Inspirational
Why does [your service] work?,Educational
[Your niche] can be hard.,Educational
[Something in your niche is hard to do].,Educational
[Your niche] is like [something interesting].,Educational
An important but unnoticed thing in [your industry].,Educational
The similarity between [niche] and [something famous].,Entertaining
No one would believe this.,Inspirational
[Character] was struggling with [niche-related challenge].,Educational
A letter to my 10-year-old self.,Inspirational
Is [one strategy in your niche] the only way to [achieve client’s dream]?,Educational
Stop [doing a common thing]…,Educational
One thing I wish I discovered sooner.,Educational
Good [service] is like a bad [something unique].,Educational
How to [do something better in your niche]?,Educational
Every time I read this…,Inspirational
The moment I realized [your unique strength] was exactly what my clients needed.,Inspirational
How to *really* [do something in your niche].,Educational
3 [your niche] quotes that will make your day.,Entertaining
The only 5 steps that you need to do to [do something in your niche].,Educational
This was my lowest moment.,Inspirational
Why do some people hate [niche]?,Educational
Fun Fact: People don’t [do what they thought they would do].,Educational
When a [something unexpected] became [the inspiration to your work].,Entertaining
“Can I [do something that your clients want to do in your niche]?”,Educational
Stop [doing an unpopular mistake].,Educational
“I don’t need [niche/service].”,Educational
[Activity in your niche] tutorial.,Educational
[A bad habit] costs you [something valuable].,Inspirational
Don’t walk into this trap.,Educational
The journey to [getting what clients desire].,Educational
How to [do something good in your niche]?,Educational
If this is you…,Inspirational
[Your niche/service] is everywhere.,Educational
"I lost [something valuable] in [your niche], and this story will make sure you don't.",Educational
3 [niche] mistakes [clients] make.,Educational
I would be lying if I say…,Inspirational
[Your niche] growth steps.,Educational
[Client’s dream] is closer than you think.,Inspirational
You’re [doing something in your niche] wrong.,Educational
“My [something that client has/want] is not [doing good].”,Educational
I also [feel your client’s frustration or fear].,Inspirational
Doing [something in your niche] might be scary.,Inspirational
Want [client’s dream]?,Educational
Stay away from these 2 things.,Educational
Want to know a secret?,Educational
Is [creating a bad output] a bad thing?,Inspirational
My most rewarding experience as a [your industry] was when…,Inspirational
The story of my failure.,Inspirational
The key to [outcome of your service]?,Educational
Are you [doing things in your niche] the right way?,Educational
"I [did something] to [your original goal], but [found something new] instead.",Entertaining
[Your niche] made easy.,Educational
It’s not [a popular opinion].,Educational
"This surprising encounter taught me the true, deep value of [your service].",Inspirational
This is what you’ve been looking for.,Educational
Have you ever felt like [relatable struggle or challenge]?,Inspirational
I hate [what clients hate in your niche].,Educational
This is why [clients experience their problem].,Educational
A random conversation with [a quirky or unexpected person] that changed my business forever.,Entertaining
The key to success in [your niche].,Educational
2 things that [create a problem for clients].,Educational
The story of [client’s description].,Educational
How to [do something in your niche] without [an uncomfortable thing].,Educational
What if I told you that [your service] could be as fun as [something fun or unique]?,Entertaining
[Deny a popular opinion in your niche].,Educational
Don’t make these mistakes.,Educational
It’s okay to [feel a negative feeling].,Inspirational
3 things to prepare when [doing something in your niche].,Educational
These myths are NOT true.,Educational
The power of [a specific that your business believes].,Educational
When a weird habit saved the day in my [your service].,Entertaining
Unpopular story: [a story with insight for your niche].,Educational
What if [client’s fear happens]?,Inspirational
"I thought [your industry] was about [popular opinion], until I learned this.",Educational
What makes [your service] unique?,Inspirational
When [a personal challenge] became [a pivotal moment].,Inspirational
What I would do if I were [your niche description].,Educational
"Wait, you’re not doing this, right?",Educational
The eye-opening truth about [a common mistake in your industry].,Educational
This moment reminded me why I started my journey as a [your business].,Inspirational
“Can I [do something controversial in your niche]?”,Educational
Me + my client’s star sign.,Entertaining
3 [your niche] mistakes I used to make.,Educational
Good [niche] = [something interesting].,Entertaining
[A mistake] kills [client’s desire].,Educational
Have you ever felt [related struggle]?,Educational
Do you believe in [common perception of the niche]?,Educational
If animals can do [your niche]…,Entertaining
[A concept related to dating] in [your niche].,Educational
[Your niche] in 30 seconds.,Educational
What your drink says about you.,Entertaining
The [activity you did or situation] turned into a comedy roast.,Entertaining
The hilarious mistakes I made as a newbie [your service].,Entertaining
How I would [do an activity in your niche].,Educational
"If you want to [do something in your niche better], [state a tip].",Educational
Choose your emoji.,Entertaining
Let’s take a journey to your future self.,Inspirational
I wrote this when I’m [a negative feeling].,Inspirational
The secret sauce of my [your service/niche].,Educational